label_name,bbox_x,bbox_y,bbox_width,bbox_height,image_name,image_width,image_height
number,13,15,10,9,Screenshot 2024-07-30 231530_bar_14_of_34.png,142,68
number,31,15,10,9,Screenshot 2024-07-30 231530_bar_14_of_34.png,142,68
number,74,15,11,8,Screenshot 2024-07-30 231530_bar_14_of_34.png,142,68
number,101,16,10,8,Screenshot 2024-07-30 231530_bar_14_of_34.png,142,68
number,117,32,11,8,Screenshot 2024-07-30 231530_bar_14_of_34.png,142,68
number,13,32,10,9,Screenshot 2024-07-30 231530_bar_14_of_34.png,142,68
number,31,32,11,9,Screenshot 2024-07-30 231530_bar_14_of_34.png,142,68
number,74,32,11,8,Screenshot 2024-07-30 231530_bar_14_of_34.png,142,68
number,100,32,12,8,Screenshot 2024-07-30 231530_bar_14_of_34.png,142,68
number,118,15,11,9,Screenshot 2024-07-30 231530_bar_14_of_34.png,142,68
number,9,15,7,9,Screenshot 2024-07-30 231530_bar_15_of_34.png,174,68
number,9,32,7,8,Screenshot 2024-07-30 231530_bar_15_of_34.png,174,68
number,29,15,6,9,Screenshot 2024-07-30 231530_bar_15_of_34.png,174,68
number,30,32,6,8,Screenshot 2024-07-30 231530_bar_15_of_34.png,174,68
number,50,32,6,9,Screenshot 2024-07-30 231530_bar_15_of_34.png,174,68
number,89,15,6,8,Screenshot 2024-07-30 231530_bar_15_of_34.png,174,68
number,89,32,6,9,Screenshot 2024-07-30 231530_bar_15_of_34.png,174,68
number,109,15,6,8,Screenshot 2024-07-30 231530_bar_15_of_34.png,174,68
number,109,32,6,8,Screenshot 2024-07-30 231530_bar_15_of_34.png,174,68
number,129,32,5,8,Screenshot 2024-07-30 231530_bar_15_of_34.png,174,68
number,12,15,10,8,Screenshot 2024-07-30 231530_bar_16_of_34.png,143,68
number,31,16,10,8,Screenshot 2024-07-30 231530_bar_16_of_34.png,143,68
number,73,16,10,8,Screenshot 2024-07-30 231530_bar_16_of_34.png,143,68
number,98,16,11,8,Screenshot 2024-07-30 231530_bar_16_of_34.png,143,68
number,116,16,10,8,Screenshot 2024-07-30 231530_bar_16_of_34.png,143,68
number,13,33,10,8,Screenshot 2024-07-30 231530_bar_16_of_34.png,143,68
number,31,32,10,8,Screenshot 2024-07-30 231530_bar_16_of_34.png,143,68
number,73,33,11,8,Screenshot 2024-07-30 231530_bar_16_of_34.png,143,68
number,98,33,11,8,Screenshot 2024-07-30 231530_bar_16_of_34.png,143,68
number,116,32,10,8,Screenshot 2024-07-30 231530_bar_16_of_34.png,143,68
number,13,15,5,8,Screenshot 2024-07-30 231530_bar_17_of_34.png,175,67
number,33,15,5,7,Screenshot 2024-07-30 231530_bar_17_of_34.png,175,67
number,91,15,5,7,Screenshot 2024-07-30 231530_bar_17_of_34.png,175,67
number,111,14,6,8,Screenshot 2024-07-30 231530_bar_17_of_34.png,175,67
number,31,31,6,8,Screenshot 2024-07-30 231530_bar_17_of_34.png,175,67
number,12,32,6,8,Screenshot 2024-07-30 231530_bar_17_of_34.png,175,67
number,91,31,6,8,Screenshot 2024-07-30 231530_bar_17_of_34.png,175,67
number,111,32,6,8,Screenshot 2024-07-30 231530_bar_17_of_34.png,175,67
number,11,13,6,8,Screenshot 2024-07-30 231530_bar_18_of_34.png,176,66
number,31,14,6,7,Screenshot 2024-07-30 231530_bar_18_of_34.png,176,66
number,91,14,6,8,Screenshot 2024-07-30 231530_bar_18_of_34.png,176,66
number,110,14,6,8,Screenshot 2024-07-30 231530_bar_18_of_34.png,176,66
number,12,30,5,8,Screenshot 2024-07-30 231530_bar_18_of_34.png,176,66
number,31,31,5,8,Screenshot 2024-07-30 231530_bar_18_of_34.png,176,66
number,91,31,5,8,Screenshot 2024-07-30 231530_bar_18_of_34.png,176,66
number,110,31,5,8,Screenshot 2024-07-30 231530_bar_18_of_34.png,176,66
number,13,32,6,7,Screenshot 2024-07-30 231530_bar_20_of_34.png,142,66
number,31,32,6,7,Screenshot 2024-07-30 231530_bar_20_of_34.png,142,66
number,75,32,6,8,Screenshot 2024-07-30 231530_bar_20_of_34.png,142,66
number,93,31,6,8,Screenshot 2024-07-30 231530_bar_20_of_34.png,142,66
number,12,15,6,8,Screenshot 2024-07-30 231530_bar_20_of_34.png,142,66
number,31,15,6,8,Screenshot 2024-07-30 231530_bar_20_of_34.png,142,66
number,75,15,6,8,Screenshot 2024-07-30 231530_bar_20_of_34.png,142,66
number,93,15,6,8,Screenshot 2024-07-30 231530_bar_20_of_34.png,142,66
number,13,16,5,7,Screenshot 2024-07-30 231530_bar_25_of_34.png,141,67
number,31,16,5,7,Screenshot 2024-07-30 231530_bar_25_of_34.png,141,67
number,74,16,5,7,Screenshot 2024-07-30 231530_bar_25_of_34.png,141,67
number,92,16,5,7,Screenshot 2024-07-30 231530_bar_25_of_34.png,141,67
number,13,32,6,8,Screenshot 2024-07-30 231530_bar_25_of_34.png,141,67
number,31,33,6,8,Screenshot 2024-07-30 231530_bar_25_of_34.png,141,67
number,74,33,6,8,Screenshot 2024-07-30 231530_bar_25_of_34.png,141,67
number,92,33,6,8,Screenshot 2024-07-30 231530_bar_25_of_34.png,141,67
number,10,16,6,8,Screenshot 2024-07-30 231530_bar_27_of_34.png,140,69
number,29,17,6,8,Screenshot 2024-07-30 231530_bar_27_of_34.png,140,69
number,72,16,5,8,Screenshot 2024-07-30 231530_bar_27_of_34.png,140,69
number,90,17,6,8,Screenshot 2024-07-30 231530_bar_27_of_34.png,140,69
number,90,33,5,7,Screenshot 2024-07-30 231530_bar_27_of_34.png,140,69
number,72,34,6,8,Screenshot 2024-07-30 231530_bar_27_of_34.png,140,69
number,29,34,5,7,Screenshot 2024-07-30 231530_bar_27_of_34.png,140,69
number,11,34,5,7,Screenshot 2024-07-30 231530_bar_27_of_34.png,140,69
number,13,33,5,8,Screenshot 2024-07-30 231530_bar_30_of_34.png,139,66
number,30,33,5,8,Screenshot 2024-07-30 231530_bar_30_of_34.png,139,66
number,73,33,5,8,Screenshot 2024-07-30 231530_bar_30_of_34.png,139,66
number,91,33,6,8,Screenshot 2024-07-30 231530_bar_30_of_34.png,139,66
number,13,15,6,8,Screenshot 2024-07-30 231530_bar_30_of_34.png,139,66
number,29,15,6,8,Screenshot 2024-07-30 231530_bar_30_of_34.png,139,66
number,73,16,6,8,Screenshot 2024-07-30 231530_bar_30_of_34.png,139,66
number,91,16,6,8,Screenshot 2024-07-30 231530_bar_30_of_34.png,139,66
number,18,33,10,8,Screenshot 2024-07-30 231530_bar_32_of_34.png,147,66
number,37,33,6,8,Screenshot 2024-07-30 231530_bar_32_of_34.png,147,66
number,20,16,6,8,Screenshot 2024-07-30 231530_bar_32_of_34.png,147,66
number,38,16,6,8,Screenshot 2024-07-30 231530_bar_32_of_34.png,147,66
number,81,16,5,8,Screenshot 2024-07-30 231530_bar_32_of_34.png,147,66
number,98,15,5,8,Screenshot 2024-07-30 231530_bar_32_of_34.png,147,66
number,81,32,6,8,Screenshot 2024-07-30 231530_bar_32_of_34.png,147,66
number,98,33,6,8,Screenshot 2024-07-30 231530_bar_32_of_34.png,147,66
number,14,16,11,8,Screenshot 2024-07-30 231530_bar_34_of_34.png,146,68
number,32,16,11,8,Screenshot 2024-07-30 231530_bar_34_of_34.png,146,68
number,76,16,10,8,Screenshot 2024-07-30 231530_bar_34_of_34.png,146,68
number,94,15,10,8,Screenshot 2024-07-30 231530_bar_34_of_34.png,146,68
number,14,32,11,8,Screenshot 2024-07-30 231530_bar_34_of_34.png,146,68
number,31,33,11,8,Screenshot 2024-07-30 231530_bar_34_of_34.png,146,68
number,76,33,10,8,Screenshot 2024-07-30 231530_bar_34_of_34.png,146,68
number,94,32,10,8,Screenshot 2024-07-30 231530_bar_34_of_34.png,146,68
number,14,25,10,8,Screenshot 2024-08-31 142134.png,323,47
number,39,25,11,8,Screenshot 2024-08-31 142134.png,323,47
number,66,35,6,7,Screenshot 2024-08-31 142134.png,323,47
number,89,35,9,8,Screenshot 2024-08-31 142134.png,323,47
number,113,35,12,8,Screenshot 2024-08-31 142134.png,323,47
number,139,35,11,8,Screenshot 2024-08-31 142134.png,323,47
number,165,26,7,8,Screenshot 2024-08-31 142134.png,323,47
number,191,26,7,8,Screenshot 2024-08-31 142134.png,323,47
number,216,34,7,8,Screenshot 2024-08-31 142134.png,323,47
number,243,35,4,8,Screenshot 2024-08-31 142134.png,323,47
number,264,35,12,8,Screenshot 2024-08-31 142134.png,323,47
number,290,35,12,8,Screenshot 2024-08-31 142134.png,323,47
number,36,41,11,6,Screenshot 2024-08-31 142246.png,185,47
number,90,42,6,5,Screenshot 2024-08-31 142246.png,185,47
number,146,41,10,6,Screenshot 2024-08-31 142246.png,185,47
number,64,24,7,8,Screenshot 2024-08-31 142246.png,185,47
number,61,33,13,8,Screenshot 2024-08-31 142246.png,185,47
number,113,23,12,8,Screenshot 2024-08-31 142246.png,185,47
number,113,33,12,8,Screenshot 2024-08-31 142246.png,185,47
number,16,33,6,8,Screenshot 2024-08-31 142310.png,75,46
number,16,24,6,8,Screenshot 2024-08-31 142310.png,75,46
number,35,26,6,7,Screenshot 2024-08-31 142438.png,181,49
number,35,34,7,8,Screenshot 2024-08-31 142438.png,181,49
number,35,42,7,7,Screenshot 2024-08-31 142438.png,181,49
number,58,25,7,8,Screenshot 2024-08-31 142438.png,181,49
number,57,34,7,8,Screenshot 2024-08-31 142438.png,181,49
number,58,43,6,6,Screenshot 2024-08-31 142438.png,181,49
number,65,22,6,8,Screenshot 2024-08-31 142635.png,375,47
number,65,31,6,7,Screenshot 2024-08-31 142635.png,375,47
number,65,40,6,7,Screenshot 2024-08-31 142635.png,375,47
number,94,40,6,7,Screenshot 2024-08-31 142635.png,375,47
number,94,30,6,8,Screenshot 2024-08-31 142635.png,375,47
number,93,22,6,7,Screenshot 2024-08-31 142635.png,375,47
number,112,23,10,7,Screenshot 2024-08-31 142635.png,375,47
number,112,31,10,7,Screenshot 2024-08-31 142635.png,375,47
number,112,40,11,7,Screenshot 2024-08-31 142635.png,375,47
number,133,23,8,7,Screenshot 2024-08-31 142635.png,375,47
number,133,30,10,8,Screenshot 2024-08-31 142635.png,375,47
number,132,40,10,7,Screenshot 2024-08-31 142635.png,375,47
number,156,22,10,8,Screenshot 2024-08-31 142635.png,375,47
number,159,31,4,8,Screenshot 2024-08-31 142635.png,375,47
number,159,39,5,8,Screenshot 2024-08-31 142635.png,375,47
number,174,22,10,8,Screenshot 2024-08-31 142635.png,375,47
number,177,31,6,7,Screenshot 2024-08-31 142635.png,375,47
number,175,40,10,7,Screenshot 2024-08-31 142635.png,375,47
number,199,22,9,8,Screenshot 2024-08-31 142635.png,375,47
number,199,31,9,8,Screenshot 2024-08-31 142635.png,375,47
number,201,39,6,8,Screenshot 2024-08-31 142635.png,375,47
number,215,23,11,7,Screenshot 2024-08-31 142635.png,375,47
number,218,31,5,8,Screenshot 2024-08-31 142635.png,375,47
number,215,39,12,8,Screenshot 2024-08-31 142635.png,375,47
number,247,39,6,8,Screenshot 2024-08-31 142635.png,375,47
number,246,31,6,8,Screenshot 2024-08-31 142635.png,375,47
number,246,22,6,8,Screenshot 2024-08-31 142635.png,375,47
number,272,40,6,7,Screenshot 2024-08-31 142635.png,375,47
number,289,40,6,7,Screenshot 2024-08-31 142635.png,375,47
number,309,40,6,7,Screenshot 2024-08-31 142635.png,375,47
number,330,39,5,8,Screenshot 2024-08-31 142635.png,375,47
number,350,40,5,7,Screenshot 2024-08-31 142635.png,375,47
number,289,31,6,7,Screenshot 2024-08-31 142635.png,375,47
number,309,30,6,8,Screenshot 2024-08-31 142635.png,375,47
number,330,30,5,8,Screenshot 2024-08-31 142635.png,375,47
number,350,30,6,8,Screenshot 2024-08-31 142635.png,375,47
number,289,22,6,8,Screenshot 2024-08-31 142635.png,375,47
number,309,22,6,8,Screenshot 2024-08-31 142635.png,375,47
number,329,23,6,7,Screenshot 2024-08-31 142635.png,375,47
number,350,22,5,7,Screenshot 2024-08-31 142635.png,375,47
number,271,30,10,8,Screenshot 2024-08-31 142635.png,375,47
number,272,22,6,8,Screenshot 2024-08-31 142635.png,375,47
number,37,22,11,8,Screenshot 2024-08-31 142902.png,339,46
number,39,30,5,8,Screenshot 2024-08-31 142902.png,339,46
number,39,38,6,8,Screenshot 2024-08-31 142902.png,339,46
number,65,21,11,8,Screenshot 2024-08-31 142902.png,339,46
number,67,30,5,8,Screenshot 2024-08-31 142902.png,339,46
number,65,38,10,8,Screenshot 2024-08-31 142902.png,339,46
number,87,22,6,7,Screenshot 2024-08-31 142902.png,339,46
number,87,30,6,8,Screenshot 2024-08-31 142902.png,339,46
number,87,38,6,7,Screenshot 2024-08-31 142902.png,339,46
number,111,21,5,8,Screenshot 2024-08-31 142902.png,339,46
number,109,30,10,7,Screenshot 2024-08-31 142902.png,339,46
number,108,39,10,7,Screenshot 2024-08-31 142902.png,339,46
number,128,22,4,8,Screenshot 2024-08-31 142902.png,339,46
number,125,30,10,8,Screenshot 2024-08-31 142902.png,339,46
number,127,39,5,7,Screenshot 2024-08-31 142902.png,339,46
number,145,22,10,8,Screenshot 2024-08-31 142902.png,339,46
number,144,30,10,8,Screenshot 2024-08-31 142902.png,339,46
number,145,39,10,7,Screenshot 2024-08-31 142902.png,339,46
number,167,22,11,8,Screenshot 2024-08-31 142902.png,339,46
number,166,30,11,7,Screenshot 2024-08-31 142902.png,339,46
number,166,39,11,7,Screenshot 2024-08-31 142902.png,339,46
number,186,21,6,8,Screenshot 2024-08-31 142902.png,339,46
number,184,30,11,8,Screenshot 2024-08-31 142902.png,339,46
number,183,39,11,7,Screenshot 2024-08-31 142902.png,339,46
number,214,21,6,8,Screenshot 2024-08-31 142902.png,339,46
number,214,29,6,8,Screenshot 2024-08-31 142902.png,339,46
number,213,39,9,7,Screenshot 2024-08-31 142902.png,339,46
number,233,21,6,8,Screenshot 2024-08-31 142902.png,339,46
number,233,29,9,8,Screenshot 2024-08-31 142902.png,339,46
number,234,39,5,7,Screenshot 2024-08-31 142902.png,339,46
number,254,38,4,8,Screenshot 2024-08-31 142902.png,339,46
number,252,30,10,7,Screenshot 2024-08-31 142902.png,339,46
number,252,21,11,8,Screenshot 2024-08-31 142902.png,339,46
number,274,22,5,8,Screenshot 2024-08-31 142902.png,339,46
number,272,30,9,8,Screenshot 2024-08-31 142902.png,339,46
number,271,39,10,7,Screenshot 2024-08-31 142902.png,339,46
number,294,22,6,8,Screenshot 2024-08-31 142902.png,339,46
number,322,21,6,8,Screenshot 2024-08-31 142902.png,339,46
number,291,29,10,8,Screenshot 2024-08-31 142902.png,339,46
number,292,38,10,8,Screenshot 2024-08-31 142902.png,339,46
number,321,29,8,8,Screenshot 2024-08-31 142902.png,339,46
number,322,39,6,7,Screenshot 2024-08-31 142902.png,339,46
number,34,31,9,8,Screenshot 2024-08-31 143219.png,189,47
number,35,40,7,7,Screenshot 2024-08-31 143219.png,189,47
number,64,31,6,8,Screenshot 2024-08-31 143219.png,189,47
number,60,40,13,7,Screenshot 2024-08-31 143219.png,189,47
number,84,39,6,8,Screenshot 2024-08-31 143219.png,189,47
number,102,40,10,7,Screenshot 2024-08-31 143219.png,189,47
number,122,40,10,7,Screenshot 2024-08-31 143219.png,189,47
number,144,32,5,8,Screenshot 2024-08-31 143219.png,189,47
number,142,40,10,7,Screenshot 2024-08-31 143219.png,189,47
number,163,40,10,7,Screenshot 2024-08-31 143219.png,189,47
number,14,40,10,6,Screenshot 2024-08-31 143308.png,173,46
number,34,40,11,6,Screenshot 2024-08-31 143308.png,173,46
number,57,41,5,5,Screenshot 2024-08-31 143308.png,173,46
number,76,41,10,5,Screenshot 2024-08-31 143308.png,173,46
number,96,41,11,5,Screenshot 2024-08-31 143308.png,173,46
number,116,41,10,5,Screenshot 2024-08-31 143308.png,173,46
number,145,41,10,5,Screenshot 2024-08-31 143308.png,173,46
number,117,33,9,7,Screenshot 2024-08-31 143308.png,173,46
number,146,33,9,8,Screenshot 2024-08-31 143308.png,173,46
number,55,32,11,8,Screenshot 2024-08-31 143308.png,173,46
number,14,0,10,8,Screenshot 2024-08-31 144427.png,178,48
number,35,10,6,8,Screenshot 2024-08-31 144427.png,178,48
number,54,1,8,8,Screenshot 2024-08-31 144427.png,178,48
number,74,17,5,8,Screenshot 2024-08-31 144427.png,178,48
number,94,1,5,8,Screenshot 2024-08-31 144427.png,178,48
number,113,17,6,8,Screenshot 2024-08-31 144427.png,178,48
number,132,1,6,8,Screenshot 2024-08-31 144427.png,178,48
number,151,17,10,8,Screenshot 2024-08-31 144427.png,178,48
number,56,15,5,8,Screenshot 2024-08-31 144608.png,215,46
number,33,0,6,6,Screenshot 2024-08-31 144608.png,215,46
number,78,0,6,6,Screenshot 2024-08-31 144608.png,215,46
number,99,0,6,6,Screenshot 2024-08-31 144608.png,215,46
number,122,24,6,8,Screenshot 2024-08-31 144608.png,215,46
number,144,25,5,8,Screenshot 2024-08-31 144608.png,215,46
number,164,15,6,8,Screenshot 2024-08-31 144608.png,215,46
number,187,16,6,8,Screenshot 2024-08-31 144608.png,215,46
number,187,7,6,7,Screenshot 2024-08-31 144608.png,215,46
number,13,4,12,8,Screenshot 2024-08-31 144647.png,153,43
number,13,14,11,7,Screenshot 2024-08-31 144647.png,153,43
number,46,13,6,8,Screenshot 2024-08-31 144647.png,153,43
number,67,13,6,8,Screenshot 2024-08-31 144647.png,153,43
number,124,13,10,8,Screenshot 2024-08-31 144647.png,153,43
number,124,22,6,8,Screenshot 2024-08-31 144647.png,153,43
number,35,14,5,8,Screenshot 2024-08-31 145445.png,204,43
number,61,14,5,8,Screenshot 2024-08-31 145445.png,204,43
number,79,13,10,8,Screenshot 2024-08-31 145445.png,204,43
number,104,14,9,7,Screenshot 2024-08-31 145445.png,204,43
number,129,14,6,8,Screenshot 2024-08-31 145445.png,204,43
number,152,14,5,7,Screenshot 2024-08-31 145445.png,204,43
number,174,13,6,8,Screenshot 2024-08-31 145445.png,204,43
number,33,30,10,8,Screenshot 2024-08-31 145445.png,204,43
number,57,31,11,8,Screenshot 2024-08-31 145445.png,204,43
number,79,30,10,8,Screenshot 2024-08-31 145445.png,204,43
number,104,30,6,8,Screenshot 2024-08-31 145445.png,204,43
number,126,30,12,8,Screenshot 2024-08-31 145445.png,204,43
number,150,31,10,8,Screenshot 2024-08-31 145445.png,204,43
number,174,30,6,8,Screenshot 2024-08-31 145445.png,204,43
number,38,31,10,8,Screenshot 2024-08-31 145759.png,206,46
number,38,40,10,6,Screenshot 2024-08-31 145759.png,206,46
number,60,40,5,6,Screenshot 2024-08-31 145759.png,206,46
number,58,31,9,8,Screenshot 2024-08-31 145759.png,206,46
number,79,40,8,6,Screenshot 2024-08-31 145759.png,206,46
number,77,31,11,8,Screenshot 2024-08-31 145759.png,206,46
number,98,39,11,7,Screenshot 2024-08-31 145759.png,206,46
number,100,31,6,8,Screenshot 2024-08-31 145759.png,206,46
number,121,40,6,6,Screenshot 2024-08-31 145759.png,206,46
number,119,30,9,8,Screenshot 2024-08-31 145759.png,206,46
number,139,39,9,7,Screenshot 2024-08-31 145759.png,206,46
number,141,31,6,8,Screenshot 2024-08-31 145759.png,206,46
number,161,40,5,6,Screenshot 2024-08-31 145759.png,206,46
number,161,31,5,8,Screenshot 2024-08-31 145759.png,206,46
number,182,40,4,6,Screenshot 2024-08-31 145759.png,206,46
number,180,30,9,8,Screenshot 2024-08-31 145759.png,206,46
number,33,15,5,8,Screenshot 2024-08-31 153552.png,160,73
number,60,15,5,8,Screenshot 2024-08-31 153552.png,160,73
number,106,15,5,8,Screenshot 2024-08-31 153552.png,160,73
number,87,15,5,8,Screenshot 2024-08-31 153552.png,160,73
number,133,15,6,8,Screenshot 2024-08-31 153552.png,160,73
number,29,14,10,8,Screenshot 2024-08-31 154044.png,144,68
number,53,15,10,8,Screenshot 2024-08-31 154044.png,144,68
number,69,5,11,8,Screenshot 2024-08-31 154044.png,144,68
number,94,5,11,8,Screenshot 2024-08-31 154044.png,144,68
number,119,5,10,8,Screenshot 2024-08-31 154044.png,144,68
number,13,15,10,8,Screenshot 2024-08-31 154141.png,140,67
number,40,14,6,8,Screenshot 2024-08-31 154141.png,140,67
number,66,14,11,8,Screenshot 2024-08-31 154141.png,140,67
number,87,14,6,8,Screenshot 2024-08-31 154141.png,140,67
number,113,15,10,8,Screenshot 2024-08-31 154141.png,140,67
number,38,17,4,8,Screenshot 2024-08-31 154950.png,162,48
number,64,17,5,8,Screenshot 2024-08-31 154950.png,162,48
number,89,16,10,8,Screenshot 2024-08-31 154950.png,162,48
number,109,16,8,8,Screenshot 2024-08-31 154950.png,162,48
number,135,17,11,8,Screenshot 2024-08-31 154950.png,162,48
number,13,15,11,8,Screenshot 2024-08-31 155035.png,144,47
number,43,24,6,8,Screenshot 2024-08-31 155035.png,144,47
number,43,15,5,8,Screenshot 2024-08-31 155035.png,144,47
number,68,15,10,8,Screenshot 2024-08-31 155035.png,144,47
number,88,24,11,8,Screenshot 2024-08-31 155035.png,144,47
number,90,16,5,8,Screenshot 2024-08-31 155035.png,144,47
number,116,25,11,8,Screenshot 2024-08-31 155035.png,144,47
number,115,15,11,8,Screenshot 2024-08-31 155035.png,144,47
number,47,16,6,8,Screenshot 2024-08-31 155114.png,169,48
number,47,8,6,8,Screenshot 2024-08-31 155114.png,169,48
number,46,0,6,7,Screenshot 2024-08-31 155114.png,169,48
number,81,17,6,8,Screenshot 2024-08-31 155114.png,169,48
number,80,0,6,8,Screenshot 2024-08-31 155114.png,169,48
number,104,8,6,8,Screenshot 2024-08-31 155114.png,169,48
number,103,34,9,8,Screenshot 2024-08-31 155114.png,169,48
number,138,25,6,8,Screenshot 2024-08-31 155114.png,169,48
number,137,16,6,8,Screenshot 2024-08-31 155114.png,169,48
number,16,17,5,8,Screenshot 2024-08-31 155142.png,150,48
number,14,9,10,8,Screenshot 2024-08-31 155142.png,150,48
number,14,0,10,8,Screenshot 2024-08-31 155142.png,150,48
number,42,8,12,8,Screenshot 2024-08-31 155142.png,150,48
number,44,0,6,7,Screenshot 2024-08-31 155142.png,150,48
number,73,9,6,8,Screenshot 2024-08-31 155142.png,150,48
number,73,0,6,7,Screenshot 2024-08-31 155142.png,150,48
number,92,8,11,8,Screenshot 2024-08-31 155142.png,150,48
number,123,16,5,8,Screenshot 2024-08-31 155142.png,150,48
number,16,42,5,7,Screenshot 2024-08-31 155208.png,150,49
number,13,33,9,8,Screenshot 2024-08-31 155208.png,150,49
number,16,16,5,8,Screenshot 2024-08-31 155208.png,150,49
number,43,33,9,8,Screenshot 2024-08-31 155208.png,150,49
number,45,16,5,8,Screenshot 2024-08-31 155208.png,150,49
number,65,7,6,8,Screenshot 2024-08-31 155208.png,150,49
number,94,16,4,8,Screenshot 2024-08-31 155208.png,150,49
number,94,7,5,8,Screenshot 2024-08-31 155208.png,150,49
number,122,7,6,8,Screenshot 2024-08-31 155208.png,150,49
number,37,1,6,8,Screenshot 2024-08-31 155254.png,191,50
number,38,19,4,8,Screenshot 2024-08-31 155254.png,191,50
number,37,44,6,6,Screenshot 2024-08-31 155254.png,191,50
number,70,44,5,6,Screenshot 2024-08-31 155254.png,191,50
number,69,36,9,8,Screenshot 2024-08-31 155254.png,191,50
number,70,18,6,8,Screenshot 2024-08-31 155254.png,191,50
number,101,27,12,8,Screenshot 2024-08-31 155254.png,191,50
number,102,18,11,8,Screenshot 2024-08-31 155254.png,191,50
number,130,18,8,8,Screenshot 2024-08-31 155254.png,191,50
number,129,2,8,8,Screenshot 2024-08-31 155254.png,191,50
number,162,44,5,6,Screenshot 2024-08-31 155254.png,191,50
number,159,36,10,8,Screenshot 2024-08-31 155254.png,191,50
number,159,18,11,8,Screenshot 2024-08-31 155254.png,191,50
number,16,17,9,8,Screenshot 2024-08-31 155333.png,128,67
number,41,16,5,8,Screenshot 2024-08-31 155333.png,128,67
number,38,0,12,7,Screenshot 2024-08-31 155333.png,128,67
number,58,8,6,8,Screenshot 2024-08-31 155333.png,128,67
number,58,25,6,8,Screenshot 2024-08-31 155333.png,128,67
number,79,24,10,8,Screenshot 2024-08-31 155333.png,128,67
number,82,8,6,8,Screenshot 2024-08-31 155333.png,128,67
number,106,33,6,8,Screenshot 2024-08-31 155333.png,128,67
number,106,7,5,8,Screenshot 2024-08-31 155333.png,128,67
number,87,34,6,8,Screenshot 2024-08-31 155406.png,142,70
number,67,26,8,8,Screenshot 2024-08-31 155406.png,142,70
number,38,9,11,7,Screenshot 2024-08-31 155406.png,142,70
number,38,1,10,7,Screenshot 2024-08-31 155406.png,142,70
number,114,18,10,8,Screenshot 2024-08-31 155406.png,142,70
number,86,9,10,8,Screenshot 2024-08-31 155406.png,142,70
number,65,1,11,8,Screenshot 2024-08-31 155406.png,142,70
number,113,1,10,8,Screenshot 2024-08-31 155406.png,142,70
number,15,18,5,8,Screenshot 2024-08-31 155443.png,140,71
number,14,9,6,8,Screenshot 2024-08-31 155443.png,140,71
number,14,0,6,8,Screenshot 2024-08-31 155443.png,140,71
number,41,18,5,8,Screenshot 2024-08-31 155443.png,140,71
number,40,1,8,8,Screenshot 2024-08-31 155443.png,140,71
number,68,18,5,8,Screenshot 2024-08-31 155443.png,140,71
number,66,9,10,8,Screenshot 2024-08-31 155443.png,140,71
number,85,34,10,8,Screenshot 2024-08-31 155443.png,140,71
number,87,17,6,8,Screenshot 2024-08-31 155443.png,140,71
number,115,35,6,8,Screenshot 2024-08-31 155443.png,140,71
number,115,17,6,8,Screenshot 2024-08-31 155443.png,140,71
number,15,31,5,8,Screenshot 2024-08-31 155523.png,141,66
number,15,23,5,8,Screenshot 2024-08-31 155523.png,141,66
number,14,14,9,8,Screenshot 2024-08-31 155523.png,141,66
number,14,6,8,8,Screenshot 2024-08-31 155523.png,141,66
number,42,23,5,8,Screenshot 2024-08-31 155523.png,141,66
number,42,13,6,8,Screenshot 2024-08-31 155523.png,141,66
number,41,5,10,8,Screenshot 2024-08-31 155523.png,141,66
number,70,22,4,8,Screenshot 2024-08-31 155523.png,141,66
number,67,14,10,8,Screenshot 2024-08-31 155523.png,141,66
number,85,22,10,8,Screenshot 2024-08-31 155523.png,141,66
number,88,13,6,8,Screenshot 2024-08-31 155523.png,141,66
number,113,22,11,8,Screenshot 2024-08-31 155523.png,141,66
number,115,40,4,8,Screenshot 2024-08-31 155523.png,141,66
number,114,14,9,8,Screenshot 2024-08-31 155523.png,141,66
number,13,32,5,8,Screenshot 2024-08-31 155635.png,82,47
number,13,24,5,7,Screenshot 2024-08-31 155635.png,82,47
number,12,42,11,8,Screenshot 2024-08-31 155701.png,81,51
number,13,34,10,8,Screenshot 2024-08-31 155701.png,81,51
number,86,42,6,8,Screenshot 2024-08-31 155925_bar_10_of_22.png,152,69
number,104,34,4,8,Screenshot 2024-08-31 155925_bar_10_of_22.png,152,69
number,18,26,5,7,Screenshot 2024-08-31 155925_bar_10_of_22.png,152,69
number,52,17,6,8,Screenshot 2024-08-31 155925_bar_10_of_22.png,152,69
number,67,9,11,8,Screenshot 2024-08-31 155925_bar_10_of_22.png,152,69
number,85,8,9,8,Screenshot 2024-08-31 155925_bar_10_of_22.png,152,69
number,103,9,6,8,Screenshot 2024-08-31 155925_bar_10_of_22.png,152,69
number,16,0,10,8,Screenshot 2024-08-31 155925_bar_10_of_22.png,152,69
number,33,0,10,7,Screenshot 2024-08-31 155925_bar_10_of_22.png,152,69
number,52,0,6,7,Screenshot 2024-08-31 155925_bar_10_of_22.png,152,69
number,13,34,5,8,Screenshot 2024-08-31 155925_bar_10_of_28.png,169,67
number,31,34,6,8,Screenshot 2024-08-31 155925_bar_10_of_28.png,169,67
number,70,34,5,8,Screenshot 2024-08-31 155925_bar_10_of_28.png,169,67
number,88,34,6,8,Screenshot 2024-08-31 155925_bar_10_of_28.png,169,67
number,125,34,6,8,Screenshot 2024-08-31 155925_bar_10_of_28.png,169,67
number,144,34,6,8,Screenshot 2024-08-31 155925_bar_10_of_28.png,169,67
number,51,24,6,8,Screenshot 2024-08-31 155925_bar_10_of_28.png,169,67
number,107,24,5,8,Screenshot 2024-08-31 155925_bar_10_of_28.png,169,67
number,12,35,5,8,Screenshot 2024-08-31 155925_bar_11_of_28.png,169,69
number,31,34,5,8,Screenshot 2024-08-31 155925_bar_11_of_28.png,169,69
number,68,35,6,8,Screenshot 2024-08-31 155925_bar_11_of_28.png,169,69
number,87,34,6,8,Screenshot 2024-08-31 155925_bar_11_of_28.png,169,69
number,124,34,6,8,Screenshot 2024-08-31 155925_bar_11_of_28.png,169,69
number,144,34,6,8,Screenshot 2024-08-31 155925_bar_11_of_28.png,169,69
number,50,26,6,8,Screenshot 2024-08-31 155925_bar_11_of_28.png,169,69
number,106,26,6,8,Screenshot 2024-08-31 155925_bar_11_of_28.png,169,69
number,35,2,11,9,Screenshot 2024-08-31 155925_bar_12_of_22.png,336,71
number,90,11,11,8,Screenshot 2024-08-31 155925_bar_12_of_22.png,336,71
number,112,12,11,7,Screenshot 2024-08-31 155925_bar_12_of_22.png,336,71
number,155,45,9,9,Screenshot 2024-08-31 155925_bar_12_of_22.png,336,71
number,154,2,10,8,Screenshot 2024-08-31 155925_bar_12_of_22.png,336,71
number,177,29,7,7,Screenshot 2024-08-31 155925_bar_12_of_22.png,336,71
number,175,19,11,8,Screenshot 2024-08-31 155925_bar_12_of_22.png,336,71
number,176,2,9,8,Screenshot 2024-08-31 155925_bar_12_of_22.png,336,71
number,199,2,10,8,Screenshot 2024-08-31 155925_bar_12_of_22.png,336,71
number,221,3,10,7,Screenshot 2024-08-31 155925_bar_12_of_22.png,336,71
number,242,12,10,8,Screenshot 2024-08-31 155925_bar_12_of_22.png,336,71
number,265,12,10,8,Screenshot 2024-08-31 155925_bar_12_of_22.png,336,71
number,265,36,10,8,Screenshot 2024-08-31 155925_bar_12_of_22.png,336,71
number,286,20,10,8,Screenshot 2024-08-31 155925_bar_12_of_22.png,336,71
number,286,12,10,7,Screenshot 2024-08-31 155925_bar_12_of_22.png,336,71
number,307,2,10,8,Screenshot 2024-08-31 155925_bar_12_of_22.png,336,71
number,16,32,5,8,Screenshot 2024-08-31 155925_bar_12_of_28.png,193,68
number,36,33,6,8,Screenshot 2024-08-31 155925_bar_12_of_28.png,193,68
number,79,33,5,8,Screenshot 2024-08-31 155925_bar_12_of_28.png,193,68
number,100,32,6,8,Screenshot 2024-08-31 155925_bar_12_of_28.png,193,68
number,142,33,6,8,Screenshot 2024-08-31 155925_bar_12_of_28.png,193,68
number,164,33,6,8,Screenshot 2024-08-31 155925_bar_12_of_28.png,193,68
number,58,24,6,8,Screenshot 2024-08-31 155925_bar_12_of_28.png,193,68
number,122,24,6,8,Screenshot 2024-08-31 155925_bar_12_of_28.png,193,68
number,102,49,6,7,Screenshot 2024-08-31 155925_bar_13_of_22.png,298,75
number,178,48,10,8,Screenshot 2024-08-31 155925_bar_13_of_22.png,298,75
number,212,49,5,8,Screenshot 2024-08-31 155925_bar_13_of_22.png,298,75
number,210,31,10,8,Screenshot 2024-08-31 155925_bar_13_of_22.png,298,75
number,251,31,6,8,Screenshot 2024-08-31 155925_bar_13_of_22.png,298,75
number,267,32,6,7,Screenshot 2024-08-31 155925_bar_13_of_22.png,298,75
number,85,23,9,8,Screenshot 2024-08-31 155925_bar_13_of_22.png,298,75
number,123,22,11,8,Screenshot 2024-08-31 155925_bar_13_of_22.png,298,75
number,232,23,11,8,Screenshot 2024-08-31 155925_bar_13_of_22.png,298,75
number,248,15,12,8,Screenshot 2024-08-31 155925_bar_13_of_22.png,298,75
number,37,6,10,8,Screenshot 2024-08-31 155925_bar_13_of_22.png,298,75
number,85,5,9,8,Screenshot 2024-08-31 155925_bar_13_of_22.png,298,75
number,101,6,10,8,Screenshot 2024-08-31 155925_bar_13_of_22.png,298,75
number,265,6,10,8,Screenshot 2024-08-31 155925_bar_13_of_22.png,298,75
number,210,6,11,8,Screenshot 2024-08-31 155925_bar_13_of_22.png,298,75
number,124,5,9,8,Screenshot 2024-08-31 155925_bar_13_of_22.png,298,75
number,179,5,10,8,Screenshot 2024-08-31 155925_bar_13_of_22.png,298,75
number,232,5,11,9,Screenshot 2024-08-31 155925_bar_13_of_22.png,298,75
number,140,6,10,8,Screenshot 2024-08-31 155925_bar_13_of_22.png,298,75
number,194,5,10,8,Screenshot 2024-08-31 155925_bar_13_of_22.png,298,75
number,248,6,11,8,Screenshot 2024-08-31 155925_bar_13_of_22.png,298,75
number,14,32,5,8,Screenshot 2024-08-31 155925_bar_13_of_28.png,164,67
number,32,32,5,8,Screenshot 2024-08-31 155925_bar_13_of_28.png,164,67
number,68,32,6,8,Screenshot 2024-08-31 155925_bar_13_of_28.png,164,67
number,85,31,6,8,Screenshot 2024-08-31 155925_bar_13_of_28.png,164,67
number,120,31,6,8,Screenshot 2024-08-31 155925_bar_13_of_28.png,164,67
number,138,31,6,8,Screenshot 2024-08-31 155925_bar_13_of_28.png,164,67
number,49,23,6,8,Screenshot 2024-08-31 155925_bar_13_of_28.png,164,67
number,103,23,5,8,Screenshot 2024-08-31 155925_bar_13_of_28.png,164,67
number,66,46,6,8,Screenshot 2024-08-31 155925_bar_14_of_22.png,257,71
number,64,37,10,8,Screenshot 2024-08-31 155925_bar_14_of_22.png,257,71
number,50,20,6,8,Screenshot 2024-08-31 155925_bar_14_of_22.png,257,71
number,32,11,10,8,Screenshot 2024-08-31 155925_bar_14_of_22.png,257,71
number,32,2,11,8,Screenshot 2024-08-31 155925_bar_14_of_22.png,257,71
number,87,2,10,8,Screenshot 2024-08-31 155925_bar_14_of_22.png,257,71
number,142,2,11,8,Screenshot 2024-08-31 155925_bar_14_of_22.png,257,71
number,197,2,11,8,Screenshot 2024-08-31 155925_bar_14_of_22.png,257,71
number,49,3,10,8,Screenshot 2024-08-31 155925_bar_14_of_22.png,257,71
number,65,3,10,8,Screenshot 2024-08-31 155925_bar_14_of_22.png,257,71
number,175,3,9,7,Screenshot 2024-08-31 155925_bar_14_of_22.png,257,71
number,230,2,9,8,Screenshot 2024-08-31 155925_bar_14_of_22.png,257,71
number,159,3,10,8,Screenshot 2024-08-31 155925_bar_14_of_22.png,257,71
number,214,2,10,8,Screenshot 2024-08-31 155925_bar_14_of_22.png,257,71
number,199,20,6,8,Screenshot 2024-08-31 155925_bar_14_of_22.png,257,71
number,231,20,6,8,Screenshot 2024-08-31 155925_bar_14_of_22.png,257,71
number,215,36,6,8,Screenshot 2024-08-31 155925_bar_14_of_22.png,257,71
number,12,32,5,8,Screenshot 2024-08-31 155925_bar_14_of_28.png,164,67
number,30,31,6,8,Screenshot 2024-08-31 155925_bar_14_of_28.png,164,67
number,65,32,6,8,Screenshot 2024-08-31 155925_bar_14_of_28.png,164,67
number,83,32,6,8,Screenshot 2024-08-31 155925_bar_14_of_28.png,164,67
number,120,32,6,8,Screenshot 2024-08-31 155925_bar_14_of_28.png,164,67
number,138,31,6,8,Screenshot 2024-08-31 155925_bar_14_of_28.png,164,67
number,47,23,6,8,Screenshot 2024-08-31 155925_bar_14_of_28.png,164,67
number,103,24,5,7,Screenshot 2024-08-31 155925_bar_14_of_28.png,164,67
number,14,23,8,8,Screenshot 2024-08-31 155925_bar_15_of_22.png,84,66
number,27,32,6,7,Screenshot 2024-08-31 155925_bar_15_of_28.png,156,67
number,27,23,5,7,Screenshot 2024-08-31 155925_bar_15_of_28.png,156,67
number,52,32,6,7,Screenshot 2024-08-31 155925_bar_15_of_28.png,156,67
number,70,31,5,8,Screenshot 2024-08-31 155925_bar_15_of_28.png,156,67
number,87,41,6,8,Screenshot 2024-08-31 155925_bar_15_of_28.png,156,67
number,114,40,6,8,Screenshot 2024-08-31 155925_bar_15_of_28.png,156,67
number,132,40,6,8,Screenshot 2024-08-31 155925_bar_15_of_28.png,156,67
number,88,31,5,8,Screenshot 2024-08-31 155925_bar_15_of_28.png,156,67
number,22,2,10,8,Screenshot 2024-08-31 155925_bar_16_of_22.png,175,73
number,77,2,9,8,Screenshot 2024-08-31 155925_bar_16_of_22.png,175,73
number,133,2,10,8,Screenshot 2024-08-31 155925_bar_16_of_22.png,175,73
number,49,1,11,8,Screenshot 2024-08-31 155925_bar_16_of_22.png,175,73
number,105,1,10,8,Screenshot 2024-08-31 155925_bar_16_of_22.png,175,73
number,63,2,9,7,Screenshot 2024-08-31 155925_bar_16_of_22.png,175,73
number,119,1,10,8,Screenshot 2024-08-31 155925_bar_16_of_22.png,175,73
number,28,31,5,8,Screenshot 2024-08-31 155925_bar_16_of_28.png,157,68
number,53,31,6,8,Screenshot 2024-08-31 155925_bar_16_of_28.png,157,68
number,71,32,5,8,Screenshot 2024-08-31 155925_bar_16_of_28.png,157,68
number,89,40,5,8,Screenshot 2024-08-31 155925_bar_16_of_28.png,157,68
number,114,40,5,8,Screenshot 2024-08-31 155925_bar_16_of_28.png,157,68
number,132,40,5,8,Screenshot 2024-08-31 155925_bar_16_of_28.png,157,68
number,89,31,5,8,Screenshot 2024-08-31 155925_bar_16_of_28.png,157,68
number,28,24,5,7,Screenshot 2024-08-31 155925_bar_16_of_28.png,157,68
number,17,42,10,8,Screenshot 2024-08-31 155925_bar_17_of_22.png,158,70
number,17,25,9,8,Screenshot 2024-08-31 155925_bar_17_of_22.png,158,70
number,16,0,10,7,Screenshot 2024-08-31 155925_bar_17_of_22.png,158,70
number,51,0,11,7,Screenshot 2024-08-31 155925_bar_17_of_22.png,158,70
number,70,33,6,8,Screenshot 2024-08-31 155925_bar_17_of_22.png,158,70
number,68,8,10,8,Screenshot 2024-08-31 155925_bar_17_of_22.png,158,70
number,85,25,10,8,Screenshot 2024-08-31 155925_bar_17_of_22.png,158,70
number,86,8,10,8,Screenshot 2024-08-31 155925_bar_17_of_22.png,158,70
number,103,7,9,8,Screenshot 2024-08-31 155925_bar_17_of_22.png,158,70
number,120,25,9,8,Screenshot 2024-08-31 155925_bar_17_of_22.png,158,70
number,120,16,10,8,Screenshot 2024-08-31 155925_bar_17_of_22.png,158,70
number,118,0,10,6,Screenshot 2024-08-31 155925_bar_17_of_22.png,158,70
number,139,42,6,8,Screenshot 2024-08-31 155925_bar_17_of_22.png,158,70
number,137,0,11,6,Screenshot 2024-08-31 155925_bar_17_of_22.png,158,70
number,16,31,6,8,Screenshot 2024-08-31 155925_bar_17_of_28.png,165,67
number,34,31,6,8,Screenshot 2024-08-31 155925_bar_17_of_28.png,165,67
number,70,31,6,8,Screenshot 2024-08-31 155925_bar_17_of_28.png,165,67
number,88,31,6,8,Screenshot 2024-08-31 155925_bar_17_of_28.png,165,67
number,123,31,7,9,Screenshot 2024-08-31 155925_bar_17_of_28.png,165,67
number,141,31,7,8,Screenshot 2024-08-31 155925_bar_17_of_28.png,165,67
number,52,23,6,8,Screenshot 2024-08-31 155925_bar_17_of_28.png,165,67
number,106,24,6,8,Screenshot 2024-08-31 155925_bar_17_of_28.png,165,67
number,89,35,9,7,Screenshot 2024-08-31 155925_bar_18_of_22.png,128,69
number,52,9,10,8,Screenshot 2024-08-31 155925_bar_18_of_22.png,128,69
number,13,1,10,8,Screenshot 2024-08-31 155925_bar_18_of_22.png,128,69
number,50,1,11,8,Screenshot 2024-08-31 155925_bar_18_of_22.png,128,69
number,88,1,11,8,Screenshot 2024-08-31 155925_bar_18_of_22.png,128,69
number,29,40,6,8,Screenshot 2024-08-31 155925_bar_18_of_28.png,160,66
number,54,41,5,8,Screenshot 2024-08-31 155925_bar_18_of_28.png,160,66
number,73,41,5,8,Screenshot 2024-08-31 155925_bar_18_of_28.png,160,66
number,91,40,5,8,Screenshot 2024-08-31 155925_bar_18_of_28.png,160,66
number,108,41,6,8,Screenshot 2024-08-31 155925_bar_18_of_28.png,160,66
number,127,41,6,8,Screenshot 2024-08-31 155925_bar_18_of_28.png,160,66
number,29,32,5,8,Screenshot 2024-08-31 155925_bar_18_of_28.png,160,66
number,127,31,5,8,Screenshot 2024-08-31 155925_bar_18_of_28.png,160,66
number,30,17,9,8,Screenshot 2024-08-31 155925_bar_19_of_22.png,180,70
number,31,43,5,7,Screenshot 2024-08-31 155925_bar_19_of_22.png,180,70
number,30,0,10,8,Screenshot 2024-08-31 155925_bar_19_of_22.png,180,70
number,47,0,9,7,Screenshot 2024-08-31 155925_bar_19_of_22.png,180,70
number,65,26,5,8,Screenshot 2024-08-31 155925_bar_19_of_22.png,180,70
number,63,0,10,7,Screenshot 2024-08-31 155925_bar_19_of_22.png,180,70
number,99,42,8,8,Screenshot 2024-08-31 155925_bar_19_of_22.png,180,70
number,98,9,9,8,Screenshot 2024-08-31 155925_bar_19_of_22.png,180,70
number,115,8,11,8,Screenshot 2024-08-31 155925_bar_19_of_22.png,180,70
number,133,17,9,8,Screenshot 2024-08-31 155925_bar_19_of_22.png,180,70
number,151,26,5,8,Screenshot 2024-08-31 155925_bar_19_of_22.png,180,70
number,132,0,11,8,Screenshot 2024-08-31 155925_bar_19_of_22.png,180,70
number,150,0,10,8,Screenshot 2024-08-31 155925_bar_19_of_22.png,180,70
number,14,41,4,8,Screenshot 2024-08-31 155925_bar_19_of_28.png,146,69
number,40,41,4,7,Screenshot 2024-08-31 155925_bar_19_of_28.png,146,69
number,59,41,3,8,Screenshot 2024-08-31 155925_bar_19_of_28.png,146,69
number,77,41,4,8,Screenshot 2024-08-31 155925_bar_19_of_28.png,146,69
number,95,41,4,8,Screenshot 2024-08-31 155925_bar_19_of_28.png,146,69
number,114,41,3,8,Screenshot 2024-08-31 155925_bar_19_of_28.png,146,69
number,113,32,6,8,Screenshot 2024-08-31 155925_bar_19_of_28.png,146,69
number,12,33,6,7,Screenshot 2024-08-31 155925_bar_19_of_28.png,146,69
number,16,24,5,7,Screenshot 2024-08-31 155925_bar_1_of_22.png,232,74
number,40,32,6,8,Screenshot 2024-08-31 155925_bar_1_of_22.png,232,74
number,88,32,6,8,Screenshot 2024-08-31 155925_bar_1_of_22.png,232,74
number,111,32,6,8,Screenshot 2024-08-31 155925_bar_1_of_22.png,232,74
number,135,33,6,8,Screenshot 2024-08-31 155925_bar_1_of_22.png,232,74
number,201,24,6,8,Screenshot 2024-08-31 155925_bar_1_of_22.png,232,74
number,160,23,6,8,Screenshot 2024-08-31 155925_bar_1_of_22.png,232,74
number,188,23,5,8,Screenshot 2024-08-31 155925_bar_1_of_22.png,232,74
number,174,23,6,8,Screenshot 2024-08-31 155925_bar_1_of_22.png,232,74
number,64,23,5,8,Screenshot 2024-08-31 155925_bar_1_of_22.png,232,74
number,12,22,6,8,Screenshot 2024-08-31 155925_bar_1_of_28.png,240,73
number,37,31,5,8,Screenshot 2024-08-31 155925_bar_1_of_28.png,240,73
number,88,30,5,8,Screenshot 2024-08-31 155925_bar_1_of_28.png,240,73
number,113,30,6,8,Screenshot 2024-08-31 155925_bar_1_of_28.png,240,73
number,139,30,5,8,Screenshot 2024-08-31 155925_bar_1_of_28.png,240,73
number,208,23,6,8,Screenshot 2024-08-31 155925_bar_1_of_28.png,240,73
number,63,22,5,8,Screenshot 2024-08-31 155925_bar_1_of_28.png,240,73
number,164,23,6,8,Screenshot 2024-08-31 155925_bar_1_of_28.png,240,73
number,193,22,6,8,Screenshot 2024-08-31 155925_bar_1_of_28.png,240,73
number,179,22,6,8,Screenshot 2024-08-31 155925_bar_1_of_28.png,240,73
number,15,0,10,5,Screenshot 2024-08-31 155925_bar_20_of_22.png,121,64
number,71,5,9,8,Screenshot 2024-08-31 155925_bar_20_of_22.png,121,64
number,93,6,10,8,Screenshot 2024-08-31 155925_bar_20_of_22.png,121,64
number,13,33,5,8,Screenshot 2024-08-31 155925_bar_20_of_28.png,152,69
number,39,32,5,8,Screenshot 2024-08-31 155925_bar_20_of_28.png,152,69
number,57,32,5,8,Screenshot 2024-08-31 155925_bar_20_of_28.png,152,69
number,76,41,5,8,Screenshot 2024-08-31 155925_bar_20_of_28.png,152,69
number,102,40,5,8,Screenshot 2024-08-31 155925_bar_20_of_28.png,152,69
number,121,41,6,8,Screenshot 2024-08-31 155925_bar_20_of_28.png,152,69
number,76,33,5,7,Screenshot 2024-08-31 155925_bar_20_of_28.png,152,69
number,13,23,5,8,Screenshot 2024-08-31 155925_bar_20_of_28.png,152,69
number,81,41,4,8,Screenshot 2024-08-31 155925_bar_21_of_28.png,136,67
number,106,41,5,8,Screenshot 2024-08-31 155925_bar_21_of_28.png,136,67
number,80,33,6,7,Screenshot 2024-08-31 155925_bar_21_of_28.png,136,67
number,106,33,5,8,Screenshot 2024-08-31 155925_bar_21_of_28.png,136,67
number,12,42,5,7,Screenshot 2024-08-31 155925_bar_22_of_28.png,81,51
number,12,33,5,7,Screenshot 2024-08-31 155925_bar_22_of_28.png,81,51
number,12,32,6,8,Screenshot 2024-08-31 155925_bar_23_of_28.png,80,45
number,12,23,6,8,Screenshot 2024-08-31 155925_bar_23_of_28.png,80,45
number,30,32,9,8,Screenshot 2024-08-31 155925_bar_2_of_22.png,248,68
number,45,6,9,8,Screenshot 2024-08-31 155925_bar_2_of_22.png,248,68
number,99,7,10,8,Screenshot 2024-08-31 155925_bar_2_of_22.png,248,68
number,153,7,9,8,Screenshot 2024-08-31 155925_bar_2_of_22.png,248,68
number,206,6,9,8,Screenshot 2024-08-31 155925_bar_2_of_22.png,248,68
number,44,32,10,8,Screenshot 2024-08-31 155925_bar_2_of_22.png,248,68
number,29,7,11,8,Screenshot 2024-08-31 155925_bar_2_of_22.png,248,68
number,59,24,10,8,Screenshot 2024-08-31 155925_bar_2_of_22.png,248,68
number,61,7,9,8,Screenshot 2024-08-31 155925_bar_2_of_22.png,248,68
number,85,23,6,8,Screenshot 2024-08-31 155925_bar_2_of_22.png,248,68
number,82,7,11,8,Screenshot 2024-08-31 155925_bar_2_of_22.png,248,68
number,136,6,11,8,Screenshot 2024-08-31 155925_bar_2_of_22.png,248,68
number,190,7,11,8,Screenshot 2024-08-31 155925_bar_2_of_22.png,248,68
number,115,7,10,8,Screenshot 2024-08-31 155925_bar_2_of_22.png,248,68
number,153,40,9,8,Screenshot 2024-08-31 155925_bar_2_of_22.png,248,68
number,168,6,10,8,Screenshot 2024-08-31 155925_bar_2_of_22.png,248,68
number,222,7,10,8,Screenshot 2024-08-31 155925_bar_2_of_22.png,248,68
number,153,32,6,8,Screenshot 2024-08-31 155925_bar_2_of_22.png,248,68
number,221,33,8,8,Screenshot 2024-08-31 155925_bar_2_of_22.png,248,68
number,206,16,10,7,Screenshot 2024-08-31 155925_bar_2_of_22.png,248,68
number,190,0,10,6,Screenshot 2024-08-31 155925_bar_2_of_22.png,248,68
number,30,24,6,8,Screenshot 2024-08-31 155925_bar_2_of_28.png,261,72
number,54,33,6,8,Screenshot 2024-08-31 155925_bar_2_of_28.png,261,72
number,106,33,6,8,Screenshot 2024-08-31 155925_bar_2_of_28.png,261,72
number,132,33,7,8,Screenshot 2024-08-31 155925_bar_2_of_28.png,261,72
number,158,32,6,8,Screenshot 2024-08-31 155925_bar_2_of_28.png,261,72
number,228,24,6,8,Screenshot 2024-08-31 155925_bar_2_of_28.png,261,72
number,81,24,5,7,Screenshot 2024-08-31 155925_bar_2_of_28.png,261,72
number,184,24,6,8,Screenshot 2024-08-31 155925_bar_2_of_28.png,261,72
number,214,24,6,7,Screenshot 2024-08-31 155925_bar_2_of_28.png,261,72
number,199,23,6,8,Screenshot 2024-08-31 155925_bar_2_of_28.png,261,72
number,13,32,6,8,Screenshot 2024-08-31 155925_bar_3_of_22.png,156,66
number,31,33,6,8,Screenshot 2024-08-31 155925_bar_3_of_22.png,156,66
number,66,33,6,8,Screenshot 2024-08-31 155925_bar_3_of_22.png,156,66
number,83,32,6,8,Screenshot 2024-08-31 155925_bar_3_of_22.png,156,66
number,116,32,6,8,Screenshot 2024-08-31 155925_bar_3_of_22.png,156,66
number,135,32,6,8,Screenshot 2024-08-31 155925_bar_3_of_22.png,156,66
number,48,23,6,8,Screenshot 2024-08-31 155925_bar_3_of_22.png,156,66
number,100,23,5,8,Screenshot 2024-08-31 155925_bar_3_of_22.png,156,66
number,13,24,6,8,Screenshot 2024-08-31 155925_bar_3_of_28.png,251,75
number,39,33,6,7,Screenshot 2024-08-31 155925_bar_3_of_28.png,251,75
number,91,33,6,8,Screenshot 2024-08-31 155925_bar_3_of_28.png,251,75
number,118,33,5,8,Screenshot 2024-08-31 155925_bar_3_of_28.png,251,75
number,145,33,6,8,Screenshot 2024-08-31 155925_bar_3_of_28.png,251,75
number,217,23,5,9,Screenshot 2024-08-31 155925_bar_3_of_28.png,251,75
number,66,24,4,8,Screenshot 2024-08-31 155925_bar_3_of_28.png,251,75
number,171,24,6,8,Screenshot 2024-08-31 155925_bar_3_of_28.png,251,75
number,201,23,6,8,Screenshot 2024-08-31 155925_bar_3_of_28.png,251,75
number,186,23,5,8,Screenshot 2024-08-31 155925_bar_3_of_28.png,251,75
number,16,41,4,8,Screenshot 2024-08-31 155925_bar_4_of_22.png,157,66
number,49,41,4,8,Screenshot 2024-08-31 155925_bar_4_of_22.png,157,66
number,85,41,3,8,Screenshot 2024-08-31 155925_bar_4_of_22.png,157,66
number,119,41,4,8,Screenshot 2024-08-31 155925_bar_4_of_22.png,157,66
number,32,32,5,8,Screenshot 2024-08-31 155925_bar_4_of_22.png,157,66
number,67,32,5,8,Screenshot 2024-08-31 155925_bar_4_of_22.png,157,66
number,101,32,6,8,Screenshot 2024-08-31 155925_bar_4_of_22.png,157,66
number,135,32,6,8,Screenshot 2024-08-31 155925_bar_4_of_22.png,157,66
number,29,33,5,7,Screenshot 2024-08-31 155925_bar_4_of_28.png,187,68
number,59,32,6,8,Screenshot 2024-08-31 155925_bar_4_of_28.png,187,68
number,80,32,6,8,Screenshot 2024-08-31 155925_bar_4_of_28.png,187,68
number,101,41,5,8,Screenshot 2024-08-31 155925_bar_4_of_28.png,187,68
number,131,41,6,8,Screenshot 2024-08-31 155925_bar_4_of_28.png,187,68
number,153,40,5,8,Screenshot 2024-08-31 155925_bar_4_of_28.png,187,68
number,29,24,5,8,Screenshot 2024-08-31 155925_bar_4_of_28.png,187,68
number,101,32,5,8,Screenshot 2024-08-31 155925_bar_4_of_28.png,187,68
number,138,43,6,8,Screenshot 2024-08-31 155925_bar_5_of_22.png,234,71
number,151,43,12,8,Screenshot 2024-08-31 155925_bar_5_of_22.png,234,71
number,47,44,6,8,Screenshot 2024-08-31 155925_bar_5_of_22.png,234,71
number,14,36,9,8,Screenshot 2024-08-31 155925_bar_5_of_22.png,234,71
number,28,9,11,8,Screenshot 2024-08-31 155925_bar_5_of_22.png,234,71
number,83,9,10,8,Screenshot 2024-08-31 155925_bar_5_of_22.png,234,71
number,137,10,9,8,Screenshot 2024-08-31 155925_bar_5_of_22.png,234,71
number,45,10,10,8,Screenshot 2024-08-31 155925_bar_5_of_22.png,234,71
number,98,9,10,8,Screenshot 2024-08-31 155925_bar_5_of_22.png,234,71
number,152,10,11,8,Screenshot 2024-08-31 155925_bar_5_of_22.png,234,71
number,83,27,9,8,Screenshot 2024-08-31 155925_bar_5_of_22.png,234,71
number,83,35,10,8,Screenshot 2024-08-31 155925_bar_5_of_22.png,234,71
number,30,35,8,8,Screenshot 2024-08-31 155925_bar_5_of_22.png,234,71
number,67,36,9,8,Screenshot 2024-08-31 155925_bar_5_of_22.png,234,71
number,47,27,6,7,Screenshot 2024-08-31 155925_bar_5_of_22.png,234,71
number,13,9,10,8,Screenshot 2024-08-31 155925_bar_5_of_22.png,234,71
number,47,2,6,8,Screenshot 2024-08-31 155925_bar_5_of_22.png,234,71
number,68,19,6,7,Screenshot 2024-08-31 155925_bar_5_of_22.png,234,71
number,66,9,10,8,Screenshot 2024-08-31 155925_bar_5_of_22.png,234,71
number,66,2,10,7,Screenshot 2024-08-31 155925_bar_5_of_22.png,234,71
number,174,9,9,8,Screenshot 2024-08-31 155925_bar_5_of_22.png,234,71
number,136,2,11,8,Screenshot 2024-08-31 155925_bar_5_of_22.png,234,71
number,208,36,4,9,Screenshot 2024-08-31 155925_bar_5_of_22.png,234,71
number,209,10,4,8,Screenshot 2024-08-31 155925_bar_5_of_22.png,234,71
number,209,2,4,8,Screenshot 2024-08-31 155925_bar_5_of_22.png,234,71
number,89,32,5,8,Screenshot 2024-08-31 155925_bar_5_of_28.png,242,73
number,114,31,6,8,Screenshot 2024-08-31 155925_bar_5_of_28.png,242,73
number,139,31,6,8,Screenshot 2024-08-31 155925_bar_5_of_28.png,242,73
number,207,24,6,7,Screenshot 2024-08-31 155925_bar_5_of_28.png,242,73
number,193,0,5,6,Screenshot 2024-08-31 155925_bar_5_of_28.png,242,73
number,139,40,6,8,Screenshot 2024-08-31 155925_bar_5_of_28.png,242,73
number,38,32,6,8,Screenshot 2024-08-31 155925_bar_5_of_28.png,242,73
number,12,23,10,8,Screenshot 2024-08-31 155925_bar_5_of_28.png,242,73
number,64,24,5,8,Screenshot 2024-08-31 155925_bar_5_of_28.png,242,73
number,64,0,6,5,Screenshot 2024-08-31 155925_bar_5_of_28.png,242,73
number,89,15,5,8,Screenshot 2024-08-31 155925_bar_5_of_28.png,242,73
number,88,6,7,8,Screenshot 2024-08-31 155925_bar_5_of_28.png,242,73
number,112,14,10,8,Screenshot 2024-08-31 155925_bar_5_of_28.png,242,73
number,162,24,10,8,Screenshot 2024-08-31 155925_bar_5_of_28.png,242,73
number,176,23,10,8,Screenshot 2024-08-31 155925_bar_5_of_28.png,242,73
number,176,14,10,8,Screenshot 2024-08-31 155925_bar_5_of_28.png,242,73
number,193,24,6,8,Screenshot 2024-08-31 155925_bar_5_of_28.png,242,73
number,191,14,10,8,Screenshot 2024-08-31 155925_bar_5_of_28.png,242,73
number,206,6,8,8,Screenshot 2024-08-31 155925_bar_5_of_28.png,242,73
number,14,42,4,7,Screenshot 2024-08-31 155925_bar_6_of_28.png,164,69
number,44,42,4,8,Screenshot 2024-08-31 155925_bar_6_of_28.png,164,69
number,65,41,4,8,Screenshot 2024-08-31 155925_bar_6_of_28.png,164,69
number,87,42,4,8,Screenshot 2024-08-31 155925_bar_6_of_28.png,164,69
number,108,42,3,8,Screenshot 2024-08-31 155925_bar_6_of_28.png,164,69
number,128,42,5,8,Screenshot 2024-08-31 155925_bar_6_of_28.png,164,69
number,13,33,5,8,Screenshot 2024-08-31 155925_bar_6_of_28.png,164,69
number,128,34,5,8,Screenshot 2024-08-31 155925_bar_6_of_28.png,164,69
number,156,45,5,7,Screenshot 2024-08-31 155925_bar_7_of_22.png,233,73
number,68,44,11,9,Screenshot 2024-08-31 155925_bar_7_of_22.png,233,73
number,84,37,11,9,Screenshot 2024-08-31 155925_bar_7_of_22.png,233,73
number,125,37,5,8,Screenshot 2024-08-31 155925_bar_7_of_22.png,233,73
number,139,27,6,8,Screenshot 2024-08-31 155925_bar_7_of_22.png,233,73
number,15,27,11,8,Screenshot 2024-08-31 155925_bar_7_of_22.png,233,73
number,31,27,11,8,Screenshot 2024-08-31 155925_bar_7_of_22.png,233,73
number,47,19,10,8,Screenshot 2024-08-31 155925_bar_7_of_22.png,233,73
number,178,20,5,7,Screenshot 2024-08-31 155925_bar_7_of_22.png,233,73
number,71,11,6,7,Screenshot 2024-08-31 155925_bar_7_of_22.png,233,73
number,16,2,10,8,Screenshot 2024-08-31 155925_bar_7_of_22.png,233,73
number,30,3,11,8,Screenshot 2024-08-31 155925_bar_7_of_22.png,233,73
number,46,2,10,8,Screenshot 2024-08-31 155925_bar_7_of_22.png,233,73
number,69,2,10,8,Screenshot 2024-08-31 155925_bar_7_of_22.png,233,73
number,123,2,10,8,Screenshot 2024-08-31 155925_bar_7_of_22.png,233,73
number,177,3,10,8,Screenshot 2024-08-31 155925_bar_7_of_22.png,233,73
number,85,2,9,8,Screenshot 2024-08-31 155925_bar_7_of_22.png,233,73
number,139,2,9,8,Screenshot 2024-08-31 155925_bar_7_of_22.png,233,73
number,100,2,10,9,Screenshot 2024-08-31 155925_bar_7_of_22.png,233,73
number,153,2,11,8,Screenshot 2024-08-31 155925_bar_7_of_22.png,233,73
number,210,2,5,8,Screenshot 2024-08-31 155925_bar_7_of_22.png,233,73
number,11,32,5,8,Screenshot 2024-08-31 155925_bar_7_of_28.png,163,69
number,29,32,5,8,Screenshot 2024-08-31 155925_bar_7_of_28.png,163,69
number,65,32,6,8,Screenshot 2024-08-31 155925_bar_7_of_28.png,163,69
number,84,33,6,8,Screenshot 2024-08-31 155925_bar_7_of_28.png,163,69
number,120,32,6,8,Screenshot 2024-08-31 155925_bar_7_of_28.png,163,69
number,139,33,6,8,Screenshot 2024-08-31 155925_bar_7_of_28.png,163,69
number,47,24,6,8,Screenshot 2024-08-31 155925_bar_7_of_28.png,163,69
number,103,24,6,8,Screenshot 2024-08-31 155925_bar_7_of_28.png,163,69
number,44,46,10,8,Screenshot 2024-08-31 155925_bar_8_of_22.png,273,72
number,26,3,11,8,Screenshot 2024-08-31 155925_bar_8_of_22.png,273,72
number,87,3,11,8,Screenshot 2024-08-31 155925_bar_8_of_22.png,273,72
number,146,3,11,8,Screenshot 2024-08-31 155925_bar_8_of_22.png,273,72
number,208,4,11,8,Screenshot 2024-08-31 155925_bar_8_of_22.png,273,72
number,45,4,10,8,Screenshot 2024-08-31 155925_bar_8_of_22.png,273,72
number,106,3,9,8,Screenshot 2024-08-31 155925_bar_8_of_22.png,273,72
number,166,4,10,8,Screenshot 2024-08-31 155925_bar_8_of_22.png,273,72
number,225,4,11,8,Screenshot 2024-08-31 155925_bar_8_of_22.png,273,72
number,63,3,9,8,Screenshot 2024-08-31 155925_bar_8_of_22.png,273,72
number,123,4,10,8,Screenshot 2024-08-31 155925_bar_8_of_22.png,273,72
number,184,3,10,8,Screenshot 2024-08-31 155925_bar_8_of_22.png,273,72
number,244,3,10,8,Screenshot 2024-08-31 155925_bar_8_of_22.png,273,72
number,28,30,9,8,Screenshot 2024-08-31 155925_bar_8_of_22.png,273,72
number,45,38,9,8,Screenshot 2024-08-31 155925_bar_8_of_22.png,273,72
number,64,21,6,8,Screenshot 2024-08-31 155925_bar_8_of_22.png,273,72
number,89,47,6,8,Screenshot 2024-08-31 155925_bar_8_of_22.png,273,72
number,88,20,6,8,Screenshot 2024-08-31 155925_bar_8_of_22.png,273,72
number,125,46,5,8,Screenshot 2024-08-31 155925_bar_8_of_22.png,273,72
number,147,37,10,8,Screenshot 2024-08-31 155925_bar_8_of_22.png,273,72
number,185,47,4,8,Screenshot 2024-08-31 155925_bar_8_of_22.png,273,72
number,150,20,6,8,Screenshot 2024-08-31 155925_bar_8_of_22.png,273,72
number,228,46,6,8,Screenshot 2024-08-31 155925_bar_8_of_22.png,273,72
number,246,30,5,7,Screenshot 2024-08-31 155925_bar_8_of_22.png,273,72
number,12,42,5,8,Screenshot 2024-08-31 155925_bar_8_of_28.png,178,70
number,43,41,5,8,Screenshot 2024-08-31 155925_bar_8_of_28.png,178,70
number,64,42,5,8,Screenshot 2024-08-31 155925_bar_8_of_28.png,178,70
number,85,42,6,8,Screenshot 2024-08-31 155925_bar_8_of_28.png,178,70
number,106,42,5,8,Screenshot 2024-08-31 155925_bar_8_of_28.png,178,70
number,128,41,5,8,Screenshot 2024-08-31 155925_bar_8_of_28.png,178,70
number,149,41,6,8,Screenshot 2024-08-31 155925_bar_8_of_28.png,178,70
number,12,33,5,8,Screenshot 2024-08-31 155925_bar_8_of_28.png,178,70
number,30,43,6,7,Screenshot 2024-08-31 155925_bar_9_of_22.png,181,70
number,58,42,5,8,Screenshot 2024-08-31 155925_bar_9_of_22.png,181,70
number,79,42,6,8,Screenshot 2024-08-31 155925_bar_9_of_22.png,181,70
number,99,42,6,8,Screenshot 2024-08-31 155925_bar_9_of_22.png,181,70
number,118,42,6,8,Screenshot 2024-08-31 155925_bar_9_of_22.png,181,70
number,139,42,6,8,Screenshot 2024-08-31 155925_bar_9_of_22.png,181,70
number,30,33,5,8,Screenshot 2024-08-31 155925_bar_9_of_22.png,181,70
number,140,33,5,8,Screenshot 2024-08-31 155925_bar_9_of_22.png,181,70
number,76,33,11,8,Screenshot 2024-08-31 155925_bar_9_of_22.png,181,70
number,117,33,9,8,Screenshot 2024-08-31 155925_bar_9_of_22.png,181,70
number,118,25,9,7,Screenshot 2024-08-31 155925_bar_9_of_22.png,181,70
number,55,16,11,8,Screenshot 2024-08-31 155925_bar_9_of_22.png,181,70
number,57,8,10,8,Screenshot 2024-08-31 155925_bar_9_of_22.png,181,70
number,117,0,10,7,Screenshot 2024-08-31 155925_bar_9_of_22.png,181,70
number,11,32,6,8,Screenshot 2024-08-31 155925_bar_9_of_28.png,162,67
number,29,33,6,8,Screenshot 2024-08-31 155925_bar_9_of_28.png,162,67
number,66,33,6,8,Screenshot 2024-08-31 155925_bar_9_of_28.png,162,67
number,83,33,6,8,Screenshot 2024-08-31 155925_bar_9_of_28.png,162,67
number,120,33,6,8,Screenshot 2024-08-31 155925_bar_9_of_28.png,162,67
number,138,32,5,8,Screenshot 2024-08-31 155925_bar_9_of_28.png,162,67
number,46,24,6,8,Screenshot 2024-08-31 155925_bar_9_of_28.png,162,67
number,101,24,7,8,Screenshot 2024-08-31 155925_bar_9_of_28.png,162,67